"rows","het","MT-CO1"
"AAAGGCTCAGTACCGT-2",0.3793,4.01390877280765
"AAAGGTTAGCGCATTG-2",0.1848,3.34400466779991
"AACAGCAAGCAGGTTT-2",0.02,3.82398717602564
"AACCTCACATGTCGCG-2",0.1591,3.65011050972044
"AACTACTCAGCACGAA-2",0.0364,3.60970247645692
"AACTAGTGTACAATGT-2",0.0857,3.57469748438477
"AAGAACAGTGCAATGC-2",0.4231,3.87121389476635
"AAGAACAGTGCTGTAA-2",0.1515,3.53604258996971
"AAGCAAGTCACACAGT-2",0.2381,3.64620441998205
"AAGCCTCCACAATGCC-2",0.0156,3.84769681175237
"AAGCGTTTCCCGTTGT-2",0.0312,3.85905922812979
"AAGCGTTTCTACCTAT-2",0.2079,3.63621549723508
"AAGCTTGGTCCACAAA-2",0.4667,3.28423414800479
"AAGGATGTCCTCAGCT-2",0.0364,4.15464968629049
"AAGGTGCAGCGCATTG-2",0.0123,3.64252775309439
"AATAACCGTCCTAAGA-2",0.1183,4.12610963040483
"AATACCGGTTTGGGTA-2",0.1059,3.86810401626885
"AATAGCTGTGTTCCCA-2",0.0182,3.64542728352275
"AATATCCCAAGCTACC-2",0.0222,4.18567014699257
"AATCATGTCCGCCTCA-2",0.102,3.8510785938714
"AATCCGTAGGATAAAC-2",0.1525,3.30061434113255
"AATGCAACAATATAGG-2",0.0526,3.83036958563547
"AATGCAACAATTAACC-2",0.1143,3.94802464177122
"AATGGCGCAACCCTAA-2",0.0513,3.99486716531574
"AATGTCCAGGATAAAC-2",0.1739,3.58112278243346
"AATTACCCAGGAACCA-2",0.026,3.71337696473852
"AATTAGCGTTCCGGCT-2",0.2113,3.4366336158579
"AATTAGGCAATTGAAG-2",0.25,3.38098103698919
"AATTGACGTAACAGGG-2",0.0323,3.8516051827161
"AATTGGGAGGCGCTTA-2",0.051,3.9761916768844
"ACAAAGGTCGGTCATG-2",0.5,4.24865795790804
"ACACTAATCGGGACTC-2",0.0444,3.69867565415959
"ACACTAGGTATTACCC-2",0.0154,3.96610570565326
"ACAGCGCTCTCACACC-2",0.3833,3.76224776015321
"ACAGTATGTCGCAAAC-2",0.2069,3.9298541386095
"ACATCATCATCACTTC-2",0.0984,3.51309895786336
"ACCCTCCCACGTGCTG-2",0.5507,3.39985684603579
"ACGCCTAAGTTTAACG-2",0.0133,3.63816973829696
"ACGGGAAGTTGCTGGG-2",0.3559,3.53691437265078
"ACGGTTAGTTATCGAG-2",0.5,3.79691917411379
"ACGTCCAAGGGATGAC-2",0.1413,3.76091340816911
"ACTAAAGCATCAGCAC-2",0.1667,3.9531265346188
"ACTATGTCAGGCTACT-2",0.1186,3.57509820284744
"ACTCACCTCCACCTGT-2",0.2895,3.53451696661397
"ACTCCTCAGTACCGCA-2",0.0308,4.12593184231468
"ACTTACTTCTAAATCG-2",0.2586,3.20463678356026
"ACTTAGGGTTTGGTTC-2",0.303,3.34525377121686
"ACTTCGCTCACAGGAA-2",0.0154,3.70008455503085
"AGAACAAGTCATTGAG-2",0.5185,3.41435557298387
"AGAACCGCACTAGGTC-2",0.2143,3.61297729212613
"AGAACCGCAGGTTATT-2",0.5455,3.20682051505073
"AGAATCGAGGCTACAT-2",0.0625,3.57738848639728
"AGCAAATAGGGACTAA-2",0.1951,3.86371033917873
"AGCCTCCGTGTGAGGA-2",0.1786,3.34257995093583
"AGCCTGGGTACCTTAC-2",0.0123,3.91052243139779
"AGCGCCTAGACACCGC-2",0.2564,3.4244515078775
"AGCGGATAGCGAAGTA-2",0.4217,3.33227382079076
"AGCTAAACACGAATTT-2",0.1333,4.08047138319651
"AGCTAACTCACACAGT-2",0.2586,3.73373515823223
"AGCTAACTCTACTAAG-2",0.4444,3.06391128427705
"AGCTCATAGTCGCTAG-2",0.1852,3.78762182912103
"AGCTTCCTCTCAATGA-2",0.1522,3.56793053402898
"AGCTTCCTCTCCATAT-2",0.058,3.27576701292314
"AGGACGTAGGCAGGTG-2",0.4516,3.42948797651731
"AGGAGCTAGGACCGCT-2",0.0115,3.80903013547663
"AGGATTGAGGTTAGAG-2",0.5303,3.99943742099437
"AGGTCCGGTTTCGCGC-2",0.0286,3.43198128756801
"AGGTCTTAGAAGCTAG-2",0.2708,3.41636241931444
"AGGTTACTCATGGCTG-2",0.1154,3.16802272524004
"AGTAACACAGATAGAC-2",0.1975,3.56941932299931
"AGTAACGAGGGTCCAC-2",0.0333,4.29170725694278
"AGTAATGCAGACAAAC-2",0.6441,3.3684248425047
"AGTAGGATCTGCAAAC-2",0.1909,4.14995494151647
"AGTATAGCATAGCTGC-2",0.0526,3.55910292445045
"AGTGCGGAGGGACTAA-2",0.1042,3.91503900678634
"AGTTATGTCTTGCAAA-2",0.0102,3.40745233160977
"AGTTTGCAGAGGAAGG-2",0.0331,3.6666611036518
"ATAAGTCGTGTTGCAA-2",0.3182,3.0909231429722
"ATAATGGCAATTGAGA-2",0.2857,3.56904690584758
"ATAATGGCATAAAGCA-2",0.48,3.07184935984753
"ATAGCATGTAATCGTG-2",0.2093,3.25489694483944
"ATAGGTACAATTGACT-2",0.18,3.53440494682271
"ATAGGTACATAGCTGC-2",0.0968,3.45066363057134
"ATATAGGCATTATGCG-2",0.1282,3.95245104989857
"ATCAAGACAATTAACC-2",0.1193,3.89901218208845
"ATCACAATCAGGCTAT-2",0.0328,4.03494217485039
"ATCACTAAGCACAGCC-2",0.4407,3.77461794537604
"ATCCCGCGTTTCGCGC-2",0.2,3.05550917266149
"ATCCTGACAAAGGTAC-2",0.2895,3.93336329700818
"ATCGAGGCAGAAATGC-2",0.0541,3.99353085587196
"ATCGCCCGTGCGCATG-2",0.0149,3.26795652982073
"ATGCAAACAATAGCAA-2",0.35,3.6391262118881
"ATGCAAACATTGACAT-2",0.0339,4.08657142790662
"ATGCAGGCAAGATTCT-2",0.1875,3.97630207540158
"ATGCTTAAGCATGTCG-2",0.6038,3.1988703041778
"ATGGCCCAGGTGTTAC-2",0.0541,3.61220081584646
"ATTAGTCCAAGCTACC-2",0.4891,3.4536828905994
"ATTATCCTCTCGCCCA-2",0.2,3.3887592839067
"ATTCATGAGTCACTAA-2",0.3125,3.75520604430391
"ATTGCACAGCAGGTGG-2",0.0217,3.38546145256366
"ATTTGCAAGGACGTAA-2",0.037,3.40089303401254
"CAAAGTGAGTAGAGGC-2",0.18,3.37635948742726
"CAAAGTGAGTTCCTGC-2",0.026,3.58595262181841
"CAACAATGTGCTCACC-2",0.5532,3.62196272800694
"CAAGGCCTCTCACAAA-2",0.32,3.98290926152771
"CAATCCCTCCAAGTGT-2",0.5,3.32016068261049
"CAATCTAAGGGACTAA-2",0.1765,3.15400171936733
"CAATGTGGTCAGGCCA-2",0.0377,3.59108382482171
"CAATGTGGTGAGCGAA-2",0.0267,3.81323613555721
"CACGCAATCACAGCGC-2",0.2927,3.77915973963508
"CACTAAGGTTAGGCGT-2",0.1077,3.37013406439947
"CACTGACCACTATGGC-2",0.1515,3.5946982302552
"CACTTTGTCATGCTCC-2",0.0882,3.47416254092972
"CAGAACCGTCCTTTAA-2",0.4884,3.52334376183938
"CAGCATTAGGTCCAAT-2",0.013,3.32926807462839
"CAGCCAATCGGCCATA-2",0.1556,3.18477348598697
"CAGGACACAAGTTATC-2",0.12,3.02807358969283
"CAGGGCTTCTTCAATC-2",0.1852,3.78260236497512
"CAGGGTGAGTAGCCAT-2",0.337,3.51732648342668
"CAGGTGGAGTGAGCGG-2",0.4574,2.73977449372316
"CAGGTTTAGCTTAACA-2",0.1977,3.42326955946746
"CATAATGTCCCGCAAA-2",0.0741,3.86867396998225
"CATCCTCAGGTTACAC-2",0.6591,3.62682252787889
"CATGCGGGTTGCCTCA-2",0.6716,3.68438228338973
"CATTATCTCATGACCG-2",0.0484,3.47458488115887
"CATTATCTCGCAGGCT-2",0.1875,3.1209750768364
"CATTTGTTCTTGTTCG-2",0.0494,3.99685589269974
"CCAAGTTAGCTTAGCG-2",0.0164,3.38301412657506
"CCAATATCAATGAGGT-2",0.0317,3.94970281531606
"CCACATTGTTCACCAT-2",0.1944,3.77855573995591
"CCACATTGTTGTAAAC-2",0.0115,3.32296581645855
"CCAGCTAAGAACCTAC-2",0.0357,3.42095867891352
"CCATAAATCCCGCATT-2",0.2614,3.47538333958122
"CCCAAACCAGTCTAAT-2",0.1385,3.53725959601381
"CCCGCTTCAAGCTTTG-2",0.1786,3.68374305396581
"CCCGTAAAGTCACTAA-2",0.1333,3.70749053097818
"CCCTGGACATGCTTAG-2",0.5862,3.03667760371938
"CCGATGCAGACAGGCG-2",0.5,3.56155533346559
"CCGCAAATCGTCCTTA-2",0.1714,3.91973360081894
"CCGCACACAATCCTAG-2",0.1594,3.67407774565442
"CCGGTAGGTAATCACG-2",0.2571,3.40470758820608
"CCGGTAGGTACAATGT-2",0.2708,2.66685074878231
"CCGTGCTGTGTTTGCT-2",0.1515,3.95461604483005
"CCGTGCTGTTTAGCTC-2",0.3926,3.1130514794389
"CCGTTACTCTTGATGA-2",0.0263,4.09366996093405
"CCGTTGCGTTAATGCG-2",0.3333,3.89028075154135
"CCTAAGGTCGGTCAAT-2",0.7963,3.36328504832487
"CCTAATCGTACCCACC-2",0.0286,3.95294871958297
"CCTACTGGTTACATCC-2",0.7547,3.1869160286542
"CCTACTTCAGGCCAAA-2",0.4571,3.52313033322705
"CCTAGTTGTTAGCGTA-2",0.3529,2.9690240842549
"CCTATATTCATAATCG-2",0.4426,3.3528688659882
"CCTATTGTCTCACAAA-2",0.3175,3.40733018274232
"CCTCAAACATTGGGAG-2",0.0741,4.01026866468083
"CCTCAATGTATACTGG-2",0.0204,3.72673263393739
"CCTCCTGAGAGAAGGG-2",0.2462,4.07902071949173
"CCTCCTGAGCTCAATA-2",0.0169,3.30464420760483
"CCTGGTAAGTAGGCGG-2",0.3478,3.7629598762989
"CGAAGCCTCGATTTGA-2",0.0333,3.84312110405482
"CGAAGTAAGTCCTGAG-2",0.1471,3.70445704614875
"CGAATATGTTTATGGG-2",0.6981,3.42654705256797
"CGAATCTAGTAACAGG-2",0.0508,2.9200069992409
"CGACCTGCATGAGTTT-2",0.0345,4.04234415840937
"CGACCTGCATGGTTAT-2",0.0455,3.50891489054387
"CGACTAAGTTTAGTCC-2",0.1358,4.00727202472797
"CGAGCGAAGTTTGGGT-2",0.3,3.5164362411433
"CGATGTCCATTGTGCA-2",0.16,3.46031597440018
"CGCATATAGCTTCTCA-2",0.6364,3.0132071257244
"CGCATTTGTGGAGCAA-2",0.1778,3.9179629032013
"CGCCACACAAGCCAGA-2",0.0893,3.8611064669778
"CGCTAATAGGTAAGGC-2",0.5208,3.36449617136643
"CGCTAATAGTATCGCG-2",0.2222,3.68869665917888
"CGCTCAGCATAATCGT-2",0.0156,3.55674983855733
"CGGAATCGTGAATCGC-2",0.1127,4.02639578219413
"CGGATAAAGGGATGCG-2",0.4028,3.85884552788912
"CGGTGAACATAAAGCA-2",0.1633,3.20839415864009
"CGGTGAACATGTTTGG-2",0.0282,3.31015615084062
"CGTCATTGTATTGCAG-2",0.0217,4.12389932829249
"CGTCCTAGTTAGCGTA-2",0.2857,3.74882927627569
"CGTGTTACAACATAAG-2",0.125,3.90671304016416
"CGTTAAATCGATATTG-2",0.0652,3.61864259038287
"CGTTAGGTCCACCCTG-2",0.1071,3.4073327363819
"CGTTAGTAGACACCGC-2",0.0536,3.97882339149774
"CTAACCACACCACAAC-2",0.2478,3.50622682754451
"CTACTTAGTGCTTAGA-2",0.7576,3.7152997115097
"CTAGATTCAAAGGCCA-2",0.0179,3.54049577848809
"CTAGCGGGTTGTTCAC-2",0.0204,3.36575227951463
"CTAGTAATCCTTAAGA-2",0.06,3.38221905908324
"CTAGTCGAGCCATCAG-2",0.2558,3.41757066506053
"CTATGTTTCGGTTAGT-2",0.3288,3.65438504094394
"CTATTGAAGCTCCCTG-2",0.1905,3.73440582913763
"CTCACAACAGTTGCGT-2",0.3289,3.50925051470373
"CTCATTGTCGCCTAAG-2",0.0536,3.78795849396605
"CTCCGTCCAAACCTAT-2",0.2759,3.55006319444178
"CTCTCACAGGGCTTTG-2",0.0789,3.65855559480736
"CTCTGTTCAAGCCAGA-2",0.3514,3.71561553313325
"CTCTTGATCGTACCGA-2",0.1364,3.43717406617532
"CTGCAATAGCTATATG-2",0.2549,3.83043655656813
"CTGCTATGTTTGGGCG-2",0.0408,3.08725599829439
"CTGGTCAAGCGATAAG-2",0.3651,3.23361555772894
"CTTAAGGGTTCACTGT-2",0.5536,3.48898698618977
"CTTACTAGTAGTTAAC-2",0.0179,4.00676342011349
"CTTCTAAGTGGTTATG-2",0.0137,3.76788032123002
"CTTGTAAAGTTAGGCT-2",0.1795,3.33399269239598
"CTTTCTTGTTTAGCGA-2",0.2812,4.12812102029188
"GAAAGGCTCACTTTAC-2",0.16,3.35151366313314
"GAAGGAACACATGCTA-2",0.4407,4.14233739378913
"GAAGGCCCATTAGGTT-2",0.3214,3.51025444145283
"GACACCGGTCGACTAA-2",0.4857,3.35755822619335
"GACATTATCGTGCCTT-2",0.1707,3.83312464592308
"GACATTATCTACCTGC-2",0.3333,3.92783971583291
"GACCTCAAGACACTTA-2",0.04,3.60960613230783
"GACTTAGGTAACGGGA-2",0.339,3.22744883683208
"GACTTGGTCGCAAACT-2",0.0244,3.92177431667723
"GAGGAGGCAAGGAATC-2",0.1579,3.93073692469535
"GAGGAGGCATGAATCT-2",0.0345,3.97098868095108
"GAGGCTACAAGCTAAA-2",0.3088,3.50520608308288
"GAGGCTTGTCAGGCAT-2",0.0469,3.36323813265624
"GAGGTTAAGGGTTATC-2",0.0156,3.95491588710738
"GAGTGATCACAGGATG-2",0.0339,3.43205371587043
"GATAACGAGTGAGCAA-2",0.2553,3.6261761718686
"GATCAAGAGCAAGATG-2",0.3333,2.88006428714684
"GATCAAGAGTCGCTAG-2",0.1111,3.72879933805398
"GATCAGTTCTACCTGC-2",0.0164,3.7201269133958
"GATTATGTCCACCCTG-2",0.0377,3.71478073111473
"GATTCAGGTAATCCCT-2",0.0159,4.03909123597237
"GCAAGCCTCAGCATTA-2",0.1538,3.89854723186731
"GCAATCTAGACTAAGG-2",0.0563,3.81118873680681
"GCAATGAAGCTAATCA-2",0.0598,3.81710011553843
"GCACTTACACTTAACG-2",0.6538,3.14086644680827
"GCAGCAACAAAGCTAA-2",0.0263,3.76492146046351
"GCAGCAACAATTGCGC-2",0.1143,3.73717664440225
"GCAGCTATCTCACTAT-2",0.0328,3.6479927809746
"GCAGGTTGTTTCCTCC-2",0.1316,3.62815051123376
"GCATCCTTCCCGCATT-2",0.3444,3.47393787373719
"GCCAATTAGTTATTCC-2",0.0192,3.7289963042517
"GCCACACAGTCACTCC-2",0.2593,3.45382690742089
"GCCAGGAAGGCTACTG-2",0.3803,4.14193051967901
"GCCTATTGTATACTGG-2",0.1765,3.75221075179221
"GCCTGAGGTAACTACG-2",0.2,4.04796446917361
"GCCTTGCGTGTCACGG-2",0.1875,2.86772016453224
"GCGCAAACAAACATAG-2",0.5556,3.62013507975525
"GCGCAAACAGGATTAA-2",0.1,4.21823530962693
"GCGCTTGCATGTCAGC-2",0.0167,3.88714533295979
"GCGGAACCAGCATGGA-2",0.0156,3.74257021566508
"GCGGATACATTGTCCT-2",0.0714,4.15139486945235
"GCGGTTGGTTGCGCGA-2",0.0741,4.29794927306061
"GCTAAGCGTGCACGCA-2",0.0323,3.59159384102216
"GCTATCCTCACTTCAT-2",0.1034,4.1532713045542
"GCTGCACAGGAACGCG-2",0.0256,3.92328524603354
"GCTGTGATCCCTTGCG-2",0.1548,3.6363772014946
"GCTGTGCAGAACCTAC-2",0.2264,3.89127998572939
"GCTTAGTAGAACCTAC-2",0.0581,3.79816974112486
"GCTTGTTGTTTAAAGC-2",0.0328,3.70892786820466
"GGAAACTCACAGGGAC-2",0.0897,3.91594446355148
"GGAAGCTAGTCGCTAG-2",0.1475,3.91340464541493
"GGACAGCCAAACCTTG-2",0.2182,3.5924100170963
"GGACCTCAGTGAACGA-2",0.119,3.96175139582158
"GGAGGTTAGAATGACG-2",0.0233,3.21602975573639
"GGATACTTCGATATTG-2",0.1571,4.00440426741058
"GGATATTGTATTGTGG-2",0.0145,3.49257458595858
"GGATTATGTGCCTCAC-2",0.2187,3.82263362813656
"GGCAAATCAGCCAGTT-2",0.5,2.81030311001226
"GGCAGGATCTAACTGA-2",0.1875,3.74136143114263
"GGCATTGTCAGCCAAT-2",0.0125,3.41321475060593
"GGCTATGTCATGACCG-2",0.0392,3.87599307437033
"GGCTATTAGACTTACA-2",0.3243,3.78879958248816
"GGCTATTAGCAGCTCA-2",0.1053,3.81749902754418
"GGCTCACAGTTATGTG-2",0.2312,3.58157648980584
"GGCTTCAAGGAGGCAT-2",0.1053,3.94034230225369
"GGGCTAACAGCCAGTT-2",0.1538,3.53512653184525
"GGGTGAAGTACTTAGG-2",0.1312,3.80677461486032
"GGGTTTCCATTGTGAT-2",0.0556,3.7931071228659
"GGTAAACCAGGAAGCC-2",0.6889,3.58837681988433
"GGTACTAGTCAGTAAT-2",0.2459,3.61526343051883
"GGTACTAGTGCATCGG-2",0.7667,3.72590660897489
"GGTATTGGTGAGCGAA-2",0.0167,4.05933580826176
"GGTCAATTCCTCAGTC-2",0.037,3.99660079100442
"GGTCAATTCGCTAAGT-2",0.1273,3.72714095463054
"GGTTAGCGTGGTTCTT-2",0.0204,3.833963223502
"GGTTAGCGTTCGCTTG-2",0.0233,3.45909443889405
"GGTTCCCGTAGGTTGC-2",0.3375,3.49588005846377
"GGTTCCCGTTAGGACC-2",0.1591,4.05903954436535
"GGTTCTTGTAACCACA-2",0.4923,3.55562078256562
"GGTTGAGCACTGGCCA-2",0.0476,4.08784103199798
"GTAAGCAAGTTCCCAC-2",0.4167,3.05972820467117
"GTAATAGCAATTGAGA-2",0.0222,3.66205167119269
"GTACACCCATCCTGAA-2",0.0526,3.45262580205491
"GTAGTTATCAGGATGA-2",0.0526,3.67438977740456
"GTATCGCCATACCCGG-2",0.0241,2.98689587193496
"GTATTGATCACAGGAA-2",0.0256,3.37939116603559
"GTATTGCAGTTTGGTA-2",0.2,3.66707582977083
"GTCATGCCACTTCACT-2",0.0189,4.10297388892015
"GTCATTAAGGTTAGAG-2",0.2857,4.05906409429046
"GTCCAGGGTTAGACCA-2",0.0208,3.5301673585188
"GTCGCAATCGGTTCCT-2",0.0305,3.74290429834024
"GTGAGGAGTGTTAAAC-2",0.0339,3.72946085510352
"GTGATCAGTTTAACCC-2",0.3333,3.8318571395499
"GTGCACGGTAGGTTGC-2",0.0149,3.84265305042292
"GTGCATTAGCATGCAT-2",0.4792,3.51077901983136
"GTGCATTAGGTAACGA-2",0.1207,3.87595875119598
"GTGGCTTCACCTGGTG-2",0.2609,3.66494066849612
"GTTACAGGTTCCTCCT-2",0.2055,3.59724112661441
"GTTACTCGTTCCGGGA-2",0.0435,4.10303683346603
"GTTAGGCGTTCGCGCT-2",0.2386,2.82680752808177
"GTTCCTTCAATAGCAA-2",0.5833,3.81526695434726
"GTTGCATAGCCGCAGT-2",0.4096,3.99478896372386
"GTTGCCCGTCATGCCC-2",0.1798,3.15360775994754
"GTTGCGGGTTTACCGT-2",0.1,3.222330109217
"GTTGGAGCAGCTTAGC-2",0.2647,3.75663071510772
"GTTTAGCAGCTTATGA-2",0.0139,3.8363867544392
"GTTTATCTCACCAATA-2",0.0377,3.91376715003653
"TAAAGCCTCCAAGTGT-2",0.02,3.30037697805719
"TAACAAGCACGCAACT-2",0.05,3.6694871368943
"TAATCACCACCACAAC-2",0.0635,3.90225427385441
"TAATGGACAGCTACGT-2",0.0312,3.21671399483982
"TACCGCAAGCACGATT-2",0.6809,3.17830942140365
"TACGTAATCATTGTCT-2",0.2326,3.1803989832723
"TACGTTAAGGATTTGC-2",0.1059,3.749000177888
"TAGACCAGTGTTTCAC-2",0.3966,3.15872887030626
"TAGCCGGGTTAGAGGG-2",0.2292,3.56081681497065
"TAGCTAGGTTGTTGGA-2",0.0408,3.7836234452146
"TAGCTTAAGTCTCACC-2",0.4677,3.60216361839826
"TAGGCTAGTGGTGAGA-2",0.1622,3.363472499961
"TAGTCAATCGAAGTAG-2",0.5143,3.55625313787525
"TAGTGGCGTTACAAAC-2",0.0303,3.5716835824224
"TAGTTGTCACCTGTAA-2",0.0952,3.65213324159322
"TATATCCTCGCGCTAA-2",0.1897,3.5844864282618
"TATGACATCTTAGCCC-2",0.27,3.52398211954136
"TATGACTCAGTCTAGC-2",0.1633,3.98469493824654
"TATGCATCACAGAAAC-2",0.0698,3.67526791626441
"TATGGCCCAAGGTACG-2",0.0145,3.76514575869052
"TATTGACCATTAGCGC-2",0.12,3.3123770407361
"TATTTGCTCATGCAAC-2",0.2571,3.68369769672715
"TCAAGAACACTTCACT-2",0.0435,3.48718020448701
"TCAAGAACAGGCCAAA-2",0.1034,4.30685096806103
"TCAAGAACATTAAAGG-2",0.0667,3.19152757322647
"TCAAGGAAGGAGTCGG-2",0.2842,3.19218367153044
"TCAAGGTTCGGTACGC-2",0.0187,3.89736880113716
"TCACCTGGTTAATGAC-2",0.0253,3.24506500353204
"TCAGCGATCTTCAATC-2",0.1392,3.82183107102758
"TCAGTGAGTCATAACG-2",0.3111,3.55683876109789
"TCCACAACAATTAGCT-2",0.5588,3.1488548425794
"TCCAGGATCAGAAACG-2",0.6667,3.92145802548541
"TCCAGGATCGTGCCTT-2",0.1951,3.77181625304498
"TCCATAAAGCAGGTGG-2",0.0417,3.77628729831466
"TCCATAAAGCGCCTAA-2",0.0789,4.27838346761567
"TCCATATTCCCGTTTA-2",0.4,3.46826959918098
"TCCATGCTCTCACATT-2",0.0827,3.85771928452677
"TCGACAAGTTATCGAG-2",0.0755,3.58636623257533
"TCGCGAGGTTTGGCGG-2",0.3214,3.79330203004379
"TCTACTAGTGCACGCA-2",0.102,4.0104407323796
"TCTAGCACAGCATTAT-2",0.0588,3.46645613621291
"TCTATGTTCAGCAAGA-2",0.0385,4.18088557488949
"TCTCAAGCACCTAAGC-2",0.0833,3.95177511528156
"TCTCACCAGTCCTTCA-2",0.4744,3.39859806958103
"TCTGGCTTCTAATCAG-2",0.0488,3.96962094299374
"TCTTAGCGTTCGCGCT-2",0.0294,3.66086555837242
"TGAGCTTAGGATTTGC-2",0.3333,3.57941971841457
"TGAGGGCCAGGCTAGA-2",0.28,2.7262803851668
"TGAGTGAAGTTATCTC-2",0.0208,3.19843771162696
"TGATTCAAGGCTACTG-2",0.4516,3.91201954661084
"TGCTAACAGGTTACGT-2",0.0435,3.44755426014096
"TGCTCACTCACCTGTC-2",0.4143,3.54399205598881
"TGCTGGATCAAATCGC-2",0.4321,3.47835651079544
"TGGCGGTTCTAATCTC-2",0.6364,3.8095710195249
"TGGGCCTAGTCAGGCC-2",0.1429,4.10417578782871
"TGGTAAACACTTACAG-2",0.0704,3.73700648313808
"TGGTGCATCATTGCAA-2",0.0588,3.59601527535818
"TGGTTCCTCTCGACCT-2",0.4048,3.48357138468869
"TGGTTCTGTTAGTTGG-2",0.425,3.6533746008713
"TGTAAAGCATCACTTC-2",0.038,3.27869324466517
"TGTAAGTGTGAGGTGA-2",0.3398,3.7786529138559
"TGTCAGTAGGTTTGAC-2",0.3418,3.65086752775325
"TGTGCTGAGCCTGAGC-2",0.16,4.15451179406403
"TGTGGCCAGTGAACAG-2",0.0377,2.95914793585463
"TGTTAGCAGTTAGACC-2",0.1429,3.61716549251262
"TGTTGTTTCATGGCCA-2",0.0233,3.70232730699353
"TGTTGTTTCCAAGTGT-2",0.0156,3.49268219155609
"TTAAGCCAGGCTTAGT-2",0.16,3.57150757499049
"TTAAGGACATAAGCAA-2",0.1042,3.3086782016239
"TTAAGGTGTACGGTAC-2",0.1071,2.8530084327453
"TTAAGGTGTTCCGGGA-2",0.0159,3.57189963634157
"TTAAGTGTCCTGAGTG-2",0.0505,3.53180091197011
"TTAATCGAGCGGATAA-2",0.0267,3.97812916729696
"TTAGAAGCATGTTTGG-2",0.2222,3.99432917920656
"TTAGGATGTCCTAACT-2",0.093,3.44377868150803
"TTATCCTAGGACGTAA-2",0.0175,3.14373874564391
"TTCAGCACAGGCCAAA-2",0.0118,3.71160046165014
"TTCATCCCACGAATCC-2",0.12,4.02800124718197
"TTCATTCAGTAGCCAT-2",0.0278,3.26466941830468
"TTCCTCAAGCGCTAAT-2",0.013,3.99368003240365
"TTCGTGCTCGAGCTAT-2",0.0208,3.83511446046549
"TTGATGTCAAGGTACG-2",0.5098,3.55816291851918
"TTGCTCTCATGAATCT-2",0.0156,3.71164472257842
"TTGCTTAGTCATCATC-2",0.2407,3.53412312252762
"TTGGATTCATAATCAC-2",0.3704,4.0085842611218
"TTGGCGGGTAGCTGGT-2",0.3284,3.20589849170683
"TTGGCGGGTCCTCCAA-2",0.1154,3.90050754885478
"TTGGCGGGTGATTACG-2",0.0619,3.8698541628463
"TTGGCTACATCATGTG-2",0.0556,3.72417969230064
"TTGGCTTGTTAACGGC-2",0.0182,3.64854488321182
"TTGTCAAAGCATGCAT-2",0.1687,3.61144577382899
"TTGTCCATCAGGAACA-2",0.1837,3.39928685034542
"TTGTGCGAGCACAGAA-2",0.2889,3.84082454649637
"TTGTGTGCAAATGCCC-2",0.25,3.6149982039252
"TTGTTGCGTTCACCCA-2",0.0351,3.43675626662002
"TTTAACCTCAGTGAAG-2",0.1455,3.50504849428133
"TTTACGAAGTCATTTC-2",0.1351,2.63153850659522
"TTTACGCGTGTTTCAC-2",0.26,3.5301896981527
"TTTCATCAGTAAGTCC-2",0.0217,4.01435881309103
"TTTCGTCCACTAAGTT-2",0.2333,3.55230387693096
